{"@odata.context":"https://tefde-azr-helpdesk-dev-search-sc-low.search.windows.net/$metadata#datasources","value":[{"@odata.etag":"\"0x8DD718AFAFB2643\"","name":"selfhelp-index-datasource","description":null,"type":"onelake","subtype":null,"credentials":{"connectionString":null},"container":{"name":"a16fd2b3-02a4-48aa-9654-59ea8f66c462","query":"HelpDesk"},"dataChangeDetectionPolicy":null,"dataDeletionDetectionPolicy":{"@odata.type":"#Microsoft.Azure.Search.SoftDeleteColumnDeletionDetectionPolicy","softDeleteColumnName":"IsDeleted","softDeleteMarkerValue":"true"},"encryptionKey":null,"identity":null},{"@odata.etag":"\"0x8DD718AFAFEF28D\"","name":"tsm-templates-index-datasource","description":null,"type":"onelake","subtype":null,"credentials":{"connectionString":null},"container":{"name":"a16fd2b3-02a4-48aa-9654-59ea8f66c462","query":"tsm-templates"},"dataChangeDetectionPolicy":null,"dataDeletionDetectionPolicy":{"@odata.type":"#Microsoft.Azure.Search.SoftDeleteColumnDeletionDetectionPolicy","softDeleteColumnName":"IsDeleted","softDeleteMarkerValue":"true"},"encryptionKey":null,"identity":null}]}