{
    "id": "/subscriptions/380804ee-bba2-4d86-b5bf-45f277420a80/resourceGroups/tefde-azr-helpdesk-dev-rsg-gw-low/providers/Microsoft.Search/searchServices/tefde-azr-helpdesk-dev-search-sc-low",
    "name": "tefde-azr-helpdesk-dev-search-sc-low",
    "type": "Microsoft.Search/searchServices",
    "location": "Sweden Central",
    "tags": {
        "bus-app": "HelpDesk Agent",
        "bus-appid": "U-9716",
        "bus-finopsid": "to-be-updated",
        "bus-owner": "katrin.weiand@telefonica.com",
        "sec-contact": "cyber-enablement@telefonica.com",
        "sec-env": "dev",
        "sec-internetfacing": "true",
        "sec-protectionprofile": "low",
        "sec-workloadzone": "web_app_data",
        "tec-appsupport": "to-be-updated",
        "tec-envsupport": "tcs-cloud-azure",
        "tec-sla": "silver",
        "ProjectType": "aoai-your-data-service"
    },
    "properties": {
        "replicaCount": 1,
        "partitionCount": 1,
        "status": "running",
        "statusDetails": "",
        "provisioningState": "succeeded",
        "hostingMode": "Default",
        "publicNetworkAccess": "Disabled",
        "networkRuleSet": {
            "ipRules": [],
            "bypass": "AzureServices"
        },
        "privateEndpointConnections": [
            {
                "id": "/subscriptions/380804ee-bba2-4d86-b5bf-45f277420a80/resourceGroups/tefde-azr-helpdesk-dev-rsg-gw-low/providers/Microsoft.Search/searchServices/tefde-azr-helpdesk-dev-search-sc-low/privateEndpointConnections/tefde-azr-helpdesk-search-dev-pep-sc-low.5868793a-97ee-44af-a991-e0102e4ac15e",
                "name": "tefde-azr-helpdesk-search-dev-pep-sc-low.5868793a-97ee-44af-a991-e0102e4ac15e",
                "type": "Microsoft.Search/searchServices/privateEndpointConnections",
                "properties": {
                    "privateEndpoint": {
                        "id": "/subscriptions/380804ee-bba2-4d86-b5bf-45f277420a80/resourceGroups/tefde-azr-helpdesk-dev-rsg-gw-low/providers/Microsoft.Network/privateEndpoints/tefde-azr-helpdesk-search-dev-pep-sc-low"
                    },
                    "privateLinkServiceConnectionState": {
                        "status": "Approved",
                        "description": "Auto-approved",
                        "actionsRequired": "None"
                    },
                    "provisioningState": "Succeeded",
                    "groupId": "searchService"
                }
            }
        ],
        "sharedPrivateLinkResources": [
            {
                "name": "shared-pep-pvt-ai-search-to-aoai",
                "type": "Microsoft.Search/searchServices/sharedPrivateLinkResources",
                "id": "/subscriptions/380804ee-bba2-4d86-b5bf-45f277420a80/resourceGroups/tefde-azr-helpdesk-dev-rsg-gw-low/providers/Microsoft.Search/searchServices/tefde-azr-helpdesk-dev-search-sc-low/sharedPrivateLinkResources/shared-pep-pvt-ai-search-to-aoai",
                "properties": {
                    "privateLinkResourceId": "/subscriptions/380804ee-bba2-4d86-b5bf-45f277420a80/resourceGroups/tefde-azr-helpdesk-dev-rsg-gw-low/providers/Microsoft.CognitiveServices/accounts/tefde-azr-helpdesk-ai-srv-dev-sc-low",
                    "groupId": "openai_account",
                    "requestMessage": "ai search access to azure openai",
                    "status": "Approved",
                    "provisioningState": "Succeeded",
                    "resourceRegion": null
                }
            },
            {
                "name": "shared-pep-pvt-ai-search-to-storage",
                "type": "Microsoft.Search/searchServices/sharedPrivateLinkResources",
                "id": "/subscriptions/380804ee-bba2-4d86-b5bf-45f277420a80/resourceGroups/tefde-azr-helpdesk-dev-rsg-gw-low/providers/Microsoft.Search/searchServices/tefde-azr-helpdesk-dev-search-sc-low/sharedPrivateLinkResources/shared-pep-pvt-ai-search-to-storage",
                "properties": {
                    "privateLinkResourceId": "/subscriptions/380804ee-bba2-4d86-b5bf-45f277420a80/resourceGroups/tefde-azr-helpdesk-dev-rsg-gw-low/providers/Microsoft.Storage/storageAccounts/tefdeazrhdaistg01",
                    "groupId": "blob",
                    "requestMessage": "ai search access to storage",
                    "status": "Approved",
                    "provisioningState": "Succeeded",
                    "resourceRegion": null
                }
            }
        ]
    },
    "sku": {
        "name": "standard"
    },
    "identity": {
        "type": "SystemAssigned",
        "principalId": "942c0ccd-ace3-4d27-9820-e4538492c29a",
        "tenantId": "4c6ee21c-6fad-42b0-b43d-ad935c9b0a5f"
    },
    "apiVersion": "2020-08-01"
}